{"cameraMode":{"drawMode":0,"name":"Shaded","section":"Shading Mode"},"sceneLighting":false,"audioPlay":false,"sceneViewState":{"showFog":true,"showMaterialUpdate":true,"showSkybox":true,"showFlares":true,"showImageEffects":true,"showParticleSystems":true},"in2DMode":false,"pivot":{"x":1.887965202331543,"y":4.2541985511779789,"z":1.8710658550262452},"rotation":{"x":0.1253359466791153,"y":-0.36853867769241335,"z":0.04992677643895149,"w":0.9199009537696838},"size":6.6594014167785648,"orthographic":false}