{"cameraMode":{"drawMode":0,"name":"Shaded","section":"Shading Mode"},"sceneLighting":true,"audioPlay":false,"sceneViewState":{"showFog":true,"showMaterialUpdate":true,"showSkybox":true,"showFlares":true,"showImageEffects":true,"showParticleSystems":true},"in2DMode":false,"pivot":{"x":82.46415710449219,"y":-1.9478689432144166,"z":51.38456344604492},"rotation":{"x":-0.26103389263153078,"y":-0.3607601225376129,"z":0.10554087162017822,"w":-0.8895716071128845},"size":13.399696350097657,"orthographic":false}