{"cameraMode":{"drawMode":0,"name":"Shaded","section":"Shading Mode"},"sceneLighting":true,"audioPlay":false,"sceneViewState":{"showFog":true,"showMaterialUpdate":false,"showSkybox":true,"showFlares":true,"showImageEffects":true,"showParticleSystems":true},"in2DMode":false,"pivot":{"x":-35.463104248046878,"y":-57.148155212402347,"z":109.37752532958985},"rotation":{"x":-0.23861007392406465,"y":0.13408614695072175,"z":-0.033287689089775088,"w":-0.9612531661987305},"size":146.2233123779297,"orthographic":false}