{"cameraMode":{"drawMode":0,"name":"Shaded","section":"Shading Mode"},"sceneLighting":true,"audioPlay":false,"sceneViewState":{"showFog":true,"showMaterialUpdate":true,"showSkybox":true,"showFlares":true,"showImageEffects":true,"showParticleSystems":true},"in2DMode":false,"pivot":{"x":-1.0749778747558594,"y":-5.452996253967285,"z":12.293817520141602},"rotation":{"x":0.18131539225578309,"y":-0.23648159205913545,"z":0.04465235024690628,"w":0.9536635875701904},"size":43.16489791870117,"orthographic":false}