{"cameraMode":{"drawMode":0,"name":"Shaded","section":"Shading Mode"},"sceneLighting":true,"audioPlay":false,"sceneViewState":{"showFog":true,"showMaterialUpdate":true,"showSkybox":true,"showFlares":true,"showImageEffects":true,"showParticleSystems":true},"in2DMode":false,"pivot":{"x":6.479418754577637,"y":-0.7173147201538086,"z":-3.287409782409668},"rotation":{"x":-0.08430542051792145,"y":-0.8840557336807251,"z":0.17646829783916474,"w":-0.424858033657074},"size":14.1082124710083,"orthographic":false}