{"cameraMode":{"drawMode":0,"name":"Shaded","section":"Shading Mode"},"sceneLighting":true,"audioPlay":false,"sceneViewState":{"showFog":true,"showMaterialUpdate":true,"showSkybox":true,"showFlares":true,"showImageEffects":true,"showParticleSystems":true},"in2DMode":false,"pivot":{"x":0.7109777927398682,"y":-10.871955871582032,"z":9.284479141235352},"rotation":{"x":-0.2393515706062317,"y":0.02970430627465248,"z":-0.007320641074329615,"w":-0.9704667329788208},"size":470.21044921875,"orthographic":false}