{"cameraMode":{"drawMode":0,"name":"Shaded","section":"Shading Mode"},"sceneLighting":true,"audioPlay":false,"sceneViewState":{"showFog":true,"showMaterialUpdate":true,"showSkybox":true,"showFlares":true,"showImageEffects":true,"showParticleSystems":true},"in2DMode":false,"pivot":{"x":-0.6096780300140381,"y":-7.035393714904785,"z":10.838135719299317},"rotation":{"x":0.2653083801269531,"y":-0.1111481562256813,"z":0.03054625168442726,"w":0.957370400428772},"size":21.24346923828125,"orthographic":false}