{"cameraMode":{"drawMode":0,"name":"Shaded","section":"Shading Mode"},"sceneLighting":true,"audioPlay":false,"sceneViewState":{"showFog":true,"showMaterialUpdate":true,"showSkybox":true,"showFlares":true,"showImageEffects":true,"showParticleSystems":true},"in2DMode":false,"pivot":{"x":-0.12158012390136719,"y":-0.8325424194335938,"z":-5.168658256530762},"rotation":{"x":0.21646317839622498,"y":-0.5274397134780884,"z":0.14104874432086945,"w":0.8094321489334106},"size":5.553371429443359,"orthographic":false}