{"cameraMode":{"drawMode":0,"name":"Shaded","section":"Shading Mode"},"sceneLighting":true,"audioPlay":false,"sceneViewState":{"showFog":true,"showMaterialUpdate":true,"showSkybox":true,"showFlares":true,"showImageEffects":true,"showParticleSystems":true},"in2DMode":false,"pivot":{"x":-21.490318298339845,"y":-2.2097103595733644,"z":18.05508041381836},"rotation":{"x":0.14978066086769105,"y":-0.45645517110824587,"z":0.07826543599367142,"w":0.8735582828521729},"size":14.353117942810059,"orthographic":false}