{"cameraMode":{"drawMode":0,"name":"Shaded","section":"Shading Mode"},"sceneLighting":true,"audioPlay":false,"sceneViewState":{"showFog":true,"showMaterialUpdate":true,"showSkybox":true,"showFlares":true,"showImageEffects":true,"showParticleSystems":true},"in2DMode":false,"pivot":{"x":2.8011081218719484,"y":0.7574397325515747,"z":-9.15621280670166},"rotation":{"x":0.18361906707286836,"y":0.4960417151451111,"z":-0.10831066966056824,"w":0.8418424725532532},"size":8.502615928649903,"orthographic":false}