{"cameraMode":{"drawMode":0,"name":"Shaded","section":"Shading Mode"},"sceneLighting":true,"audioPlay":false,"sceneViewState":{"showFog":true,"showMaterialUpdate":true,"showSkybox":true,"showFlares":true,"showImageEffects":true,"showParticleSystems":true},"in2DMode":false,"pivot":{"x":0.8146851062774658,"y":1.7240827083587647,"z":-5.638068199157715},"rotation":{"x":-0.20133987069129945,"y":0.30195683240890505,"z":-0.06540533155202866,"w":-0.9295282363891602},"size":10.400106430053711,"orthographic":false}