{"cameraMode":{"drawMode":0,"name":"Shaded","section":"Shading Mode"},"sceneLighting":true,"audioPlay":false,"sceneViewState":{"showFog":true,"showMaterialUpdate":true,"showSkybox":true,"showFlares":true,"showImageEffects":true,"showParticleSystems":true},"in2DMode":false,"pivot":{"x":20.382892608642579,"y":-152.73077392578126,"z":239.07479858398438},"rotation":{"x":-0.28253594040870669,"y":-0.048324551433324817,"z":0.014252998866140843,"w":-0.9579379558563232},"size":355.8569030761719,"orthographic":false}