{"cameraMode":{"drawMode":0,"name":"Shaded","section":"Shading Mode"},"sceneLighting":true,"audioPlay":false,"sceneViewState":{"showFog":true,"showMaterialUpdate":true,"showSkybox":true,"showFlares":true,"showImageEffects":true,"showParticleSystems":true},"in2DMode":false,"pivot":{"x":-30.788925170898439,"y":-26.684436798095704,"z":44.6484489440918},"rotation":{"x":0.2640557885169983,"y":0.10721243172883988,"z":-0.029199885204434396,"w":0.9584009051322937},"size":108.76046752929688,"orthographic":false}