{"cameraMode":{"drawMode":0,"name":"Shaded","section":"Shading Mode"},"sceneLighting":true,"audioPlay":false,"sceneViewState":{"showFog":true,"showMaterialUpdate":true,"showSkybox":true,"showFlares":true,"showImageEffects":true,"showParticleSystems":true},"in2DMode":false,"pivot":{"x":-15.916296005249024,"y":-3.4762625694274904,"z":4.777336120605469},"rotation":{"x":0.09058718383312226,"y":-0.48564499616622927,"z":0.050343696027994159,"w":0.8681311011314392},"size":25.524993896484376,"orthographic":false}