{"cameraMode":{"drawMode":0,"name":"Shaded","section":"Shading Mode"},"sceneLighting":false,"audioPlay":false,"sceneViewState":{"showFog":true,"showMaterialUpdate":true,"showSkybox":true,"showFlares":true,"showImageEffects":true,"showParticleSystems":true},"in2DMode":false,"pivot":{"x":0.0000023245811462402345,"y":0.4887627363204956,"z":0.0},"rotation":{"x":0.05847037211060524,"y":-0.10615023225545883,"z":0.006052160635590553,"w":0.9927206635475159},"size":1.6785402297973633,"orthographic":false}