{"cameraMode":{"drawMode":0,"name":"Shaded","section":"Shading Mode"},"sceneLighting":true,"audioPlay":false,"sceneViewState":{"showFog":true,"showMaterialUpdate":true,"showSkybox":true,"showFlares":true,"showImageEffects":true,"showParticleSystems":true},"in2DMode":false,"pivot":{"x":1.9237189292907715,"y":0.09520530700683594,"z":4.295477867126465},"rotation":{"x":-0.09372063726186753,"y":0.14049141108989716,"z":-0.013361006043851376,"w":-0.9855505228042603},"size":15.233885765075684,"orthographic":false}