{"cameraMode":{"drawMode":0,"name":"Shaded","section":"Shading Mode"},"sceneLighting":true,"audioPlay":false,"sceneViewState":{"showFog":true,"showMaterialUpdate":true,"showSkybox":true,"showFlares":true,"showImageEffects":true,"showParticleSystems":true},"in2DMode":false,"pivot":{"x":-0.9378495216369629,"y":-0.20230650901794434,"z":-6.274489402770996},"rotation":{"x":0.12782946228981019,"y":-0.6039343476295471,"z":0.0988766998052597,"w":0.7805536389350891},"size":10.97578239440918,"orthographic":false}