{"cameraMode":{"drawMode":0,"name":"Shaded","section":"Shading Mode"},"sceneLighting":true,"audioPlay":false,"sceneViewState":{"showFog":true,"showMaterialUpdate":true,"showSkybox":true,"showFlares":true,"showImageEffects":true,"showParticleSystems":true},"in2DMode":false,"pivot":{"x":4.651786804199219,"y":-4.887198448181152,"z":13.190266609191895},"rotation":{"x":-0.17334771156311036,"y":-0.030428938567638398,"z":0.005364363081753254,"w":-0.9843915104866028},"size":27.499736785888673,"orthographic":false}