{"cameraMode":{"drawMode":0,"name":"Shaded","section":"Shading Mode"},"sceneLighting":true,"audioPlay":false,"sceneViewState":{"showFog":false,"showMaterialUpdate":false,"showSkybox":false,"showFlares":false,"showImageEffects":false,"showParticleSystems":false},"in2DMode":false,"pivot":{"x":-1.9371157884597779,"y":0.7166858911514282,"z":-7.940129280090332},"rotation":{"x":0.08466360718011856,"y":0.6759893298149109,"z":-0.07864163815975189,"w":0.7278168201446533},"size":25.41285514831543,"orthographic":false}