{"cameraMode":{"drawMode":0,"name":"Shaded","section":"Shading Mode"},"sceneLighting":true,"audioPlay":false,"sceneViewState":{"showFog":false,"showMaterialUpdate":false,"showSkybox":false,"showFlares":false,"showImageEffects":false,"showParticleSystems":false},"in2DMode":false,"pivot":{"x":4.659812927246094,"y":-6.580377578735352,"z":8.188827514648438},"rotation":{"x":0.31867676973342898,"y":0.19984252750873567,"z":-0.06892170757055283,"w":0.9240112900733948},"size":26.129255294799806,"orthographic":false}