{"cameraMode":{"drawMode":0,"name":"Shaded","section":"Shading Mode"},"sceneLighting":true,"audioPlay":false,"sceneViewState":{"showFog":false,"showMaterialUpdate":false,"showSkybox":false,"showFlares":false,"showImageEffects":false,"showParticleSystems":false},"in2DMode":false,"pivot":{"x":5.580437660217285,"y":-3.5181472301483156,"z":10.403773307800293},"rotation":{"x":0.31867676973342898,"y":0.19984252750873567,"z":-0.06892170757055283,"w":0.9240112900733948},"size":25.41285514831543,"orthographic":false}