{"cameraMode":{"drawMode":0,"name":"Shaded","section":"Shading Mode"},"sceneLighting":true,"audioPlay":false,"sceneViewState":{"showFog":false,"showMaterialUpdate":false,"showSkybox":false,"showFlares":false,"showImageEffects":false,"showParticleSystems":false},"in2DMode":false,"pivot":{"x":-2.839935541152954,"y":-4.734140872955322,"z":7.6562323570251469},"rotation":{"x":0.2229343056678772,"y":-0.20582856237888337,"z":0.04821687191724777,"w":0.9516560435295105},"size":18.89167022705078,"orthographic":false}