{"cameraMode":{"drawMode":0,"name":"Shaded","section":"Shading Mode"},"sceneLighting":true,"audioPlay":false,"sceneViewState":{"showFog":true,"showMaterialUpdate":true,"showSkybox":true,"showFlares":true,"showImageEffects":true,"showParticleSystems":true},"in2DMode":false,"pivot":{"x":0.36002254486083987,"y":-3.3802919387817385,"z":10.372334480285645},"rotation":{"x":-0.14051313698291779,"y":0.15730085968971253,"z":-0.02265632525086403,"w":-0.9772651791572571},"size":27.34735679626465,"orthographic":false}