{"cameraMode":{"drawMode":0,"name":"Shaded","section":"Shading Mode"},"sceneLighting":true,"audioPlay":false,"sceneViewState":{"showFog":false,"showMaterialUpdate":false,"showSkybox":false,"showFlares":false,"showImageEffects":false,"showParticleSystems":false},"in2DMode":false,"pivot":{"x":30.3708553314209,"y":-1.985779047012329,"z":18.029483795166017},"rotation":{"x":-0.13438823819160462,"y":-0.7760043144226074,"z":0.17663656175136567,"w":-0.5904034972190857},"size":45.37058639526367,"orthographic":false}