{"cameraMode":{"drawMode":0,"name":"Shaded","section":"Shading Mode"},"sceneLighting":true,"audioPlay":false,"sceneViewState":{"showFog":false,"showMaterialUpdate":false,"showSkybox":false,"showFlares":false,"showImageEffects":false,"showParticleSystems":false},"in2DMode":false,"pivot":{"x":-35.31220245361328,"y":-247.79013061523438,"z":317.59429931640627},"rotation":{"x":-0.3223589360713959,"y":0.0559023879468441,"z":-0.019067591056227685,"w":-0.9447944760322571},"size":434.96044921875,"orthographic":false}