{"cameraMode":{"drawMode":0,"name":"Shaded","section":"Shading Mode"},"sceneLighting":true,"audioPlay":false,"sceneViewState":{"showFog":false,"showMaterialUpdate":false,"showSkybox":false,"showFlares":false,"showImageEffects":false,"showParticleSystems":false},"in2DMode":false,"pivot":{"x":1.423243522644043,"y":4.300693511962891,"z":-6.842990875244141},"rotation":{"x":0.041165608912706378,"y":0.7703919410705566,"z":-0.04999854043126106,"w":0.6342799067497253},"size":13.65308666229248,"orthographic":false}