{"cameraMode":{"drawMode":0,"name":"Shaded","section":"Shading Mode"},"sceneLighting":false,"audioPlay":false,"sceneViewState":{"showFog":true,"showMaterialUpdate":true,"showSkybox":true,"showFlares":true,"showImageEffects":true,"showParticleSystems":true},"in2DMode":false,"pivot":{"x":0.0000021457672119140626,"y":1.6440486907958985,"z":-0.0000011920928955078126},"rotation":{"x":-0.17612110078334809,"y":0.05370873957872391,"z":-0.00966340210288763,"w":-0.9828789830207825},"size":15.517910957336426,"orthographic":false}