{"cameraMode":{"drawMode":0,"name":"Shaded","section":"Shading Mode"},"sceneLighting":false,"audioPlay":false,"sceneViewState":{"showFog":false,"showMaterialUpdate":false,"showSkybox":false,"showFlares":false,"showImageEffects":false,"showParticleSystems":false},"in2DMode":false,"pivot":{"x":0.057798922061920169,"y":0.7324864864349365,"z":-0.0008767843246459961},"rotation":{"x":0.05893362686038017,"y":0.8648452162742615,"z":-0.10455608367919922,"w":0.4875130355358124},"size":3.4055840969085695,"orthographic":false}