{"cameraMode":{"drawMode":0,"name":"Shaded","section":"Shading Mode"},"sceneLighting":true,"audioPlay":false,"sceneViewState":{"showFog":false,"showMaterialUpdate":false,"showSkybox":false,"showFlares":false,"showImageEffects":false,"showParticleSystems":false},"in2DMode":false,"pivot":{"x":4.541128158569336,"y":-1.555171012878418,"z":-5.143496513366699},"rotation":{"x":0.09634607285261154,"y":0.8841259479522705,"z":-0.20963385701179505,"w":0.4063357412815094},"size":19.121612548828126,"orthographic":false}