{"cameraMode":{"drawMode":0,"name":"Shaded","section":"Shading Mode"},"sceneLighting":true,"audioPlay":false,"sceneViewState":{"showFog":true,"showMaterialUpdate":true,"showSkybox":true,"showFlares":true,"showImageEffects":true,"showParticleSystems":true},"in2DMode":false,"pivot":{"x":-2.6578640937805177,"y":-8.617490768432618,"z":12.263925552368164},"rotation":{"x":0.2576506733894348,"y":-0.09258586913347244,"z":0.02481079287827015,"w":0.9614726305007935},"size":29.249040603637697,"orthographic":false}