{"cameraMode":{"drawMode":0,"name":"Shaded","section":"Shading Mode"},"sceneLighting":true,"audioPlay":false,"sceneViewState":{"showFog":false,"showMaterialUpdate":false,"showSkybox":false,"showFlares":false,"showImageEffects":false,"showParticleSystems":false},"in2DMode":false,"pivot":{"x":-1.9899998903274537,"y":3.6700000762939455,"z":7.569999694824219},"rotation":{"x":-0.08614297211170197,"y":0.2948841154575348,"z":-0.02670350670814514,"w":-0.9512677788734436},"size":26.53990936279297,"orthographic":false}