{"cameraMode":{"drawMode":0,"name":"Shaded","section":"Shading Mode"},"sceneLighting":true,"audioPlay":false,"sceneViewState":{"showFog":false,"showMaterialUpdate":false,"showSkybox":false,"showFlares":false,"showImageEffects":false,"showParticleSystems":false},"in2DMode":false,"pivot":{"x":-6.543931007385254,"y":3.311713695526123,"z":-27.137887954711915},"rotation":{"x":-0.18962280452251435,"y":0.01826123706996441,"z":-0.003518851473927498,"w":-0.9816932082176209},"size":18.09787368774414,"orthographic":false}