{"cameraMode":{"drawMode":0,"name":"Shaded","section":"Shading Mode"},"sceneLighting":true,"audioPlay":false,"sceneViewState":{"showFog":false,"showMaterialUpdate":false,"showSkybox":false,"showFlares":false,"showImageEffects":false,"showParticleSystems":false},"in2DMode":false,"pivot":{"x":0.057798922061920169,"y":0.7324864864349365,"z":-0.0008767843246459961},"rotation":{"x":0.404329389333725,"y":0.4654780626296997,"z":-0.2523682415485382,"w":0.7457670569419861},"size":6.405585765838623,"orthographic":false}