{"cameraMode":{"drawMode":0,"name":"Shaded","section":"Shading Mode"},"sceneLighting":true,"audioPlay":false,"sceneViewState":{"showFog":false,"showMaterialUpdate":false,"showSkybox":false,"showFlares":false,"showImageEffects":false,"showParticleSystems":false},"in2DMode":false,"pivot":{"x":-1.5431699752807618,"y":1.5851545333862305,"z":-1.2243695259094239},"rotation":{"x":0.05893362686038017,"y":0.8648452162742615,"z":-0.10455608367919922,"w":0.4875130355358124},"size":2.0935370922088625,"orthographic":false}