{"cameraMode":{"drawMode":0,"name":"Shaded","section":"Shading Mode"},"sceneLighting":true,"audioPlay":false,"sceneViewState":{"showFog":false,"showMaterialUpdate":false,"showSkybox":false,"showFlares":false,"showImageEffects":false,"showParticleSystems":false},"in2DMode":false,"pivot":{"x":-1.9371157884597779,"y":0.7166858911514282,"z":-7.940129280090332},"rotation":{"x":0.20289258658885957,"y":0.11718275398015976,"z":-0.02447056770324707,"w":0.9718719124794006},"size":11.03377914428711,"orthographic":false}