{"cameraMode":{"drawMode":0,"name":"Shaded","section":"Shading Mode"},"sceneLighting":true,"audioPlay":false,"sceneViewState":{"showFog":true,"showMaterialUpdate":true,"showSkybox":true,"showFlares":true,"showImageEffects":true,"showParticleSystems":true},"in2DMode":false,"pivot":{"x":-1.49275541305542,"y":0.7539224624633789,"z":1.9732980728149415},"rotation":{"x":-0.10972524434328079,"y":0.27130424976348879,"z":-0.03115389123558998,"w":-0.9557240605354309},"size":11.378793716430664,"orthographic":false}