{"cameraMode":{"drawMode":0,"name":"Shaded","section":"Shading Mode"},"sceneLighting":true,"audioPlay":false,"sceneViewState":{"showFog":false,"showMaterialUpdate":false,"showSkybox":false,"showFlares":false,"showImageEffects":false,"showParticleSystems":false},"in2DMode":false,"pivot":{"x":13.861207962036133,"y":-5.771124839782715,"z":14.579373359680176},"rotation":{"x":-0.21593636274337769,"y":0.03718801960349083,"z":-0.008230495266616345,"w":-0.9756748676300049},"size":42.42001724243164,"orthographic":false}